{"cameraMode":{"drawMode":0,"name":"Shaded","section":"Shading Mode"},"sceneLighting":false,"audioPlay":false,"sceneViewState":{"showFog":true,"showMaterialUpdate":false,"showSkybox":false,"showFlares":true,"showImageEffects":false,"showParticleSystems":true,"showVisualEffectGraphs":true,"m_FxEnabled":true},"in2DMode":false,"pivot":{"x":-0.017231464385986329,"y":0.5098109841346741,"z":-0.01747751235961914},"rotation":{"x":0.4998076856136322,"y":-0.18313907086849214,"z":0.10903613269329071,"w":0.8395077586174011},"size":11.133106231689454,"orthographic":false}