{"cameraMode":{"drawMode":0,"name":"Shaded","section":"Shading Mode"},"sceneLighting":false,"audioPlay":false,"sceneViewState":{"showFog":true,"showMaterialUpdate":false,"showSkybox":false,"showFlares":true,"showImageEffects":false,"showParticleSystems":true,"showVisualEffectGraphs":true,"m_FxEnabled":true},"in2DMode":false,"pivot":{"x":-0.017230749130249025,"y":0.5098108053207398,"z":1.3254873752593995},"rotation":{"x":0.4998076856136322,"y":-0.18313907086849214,"z":0.10903613269329071,"w":0.8395077586174011},"size":10.06908130645752,"orthographic":false}