{"cameraMode":{"drawMode":0,"name":"Shaded","section":"Shading Mode"},"sceneLighting":false,"audioPlay":false,"sceneViewState":{"showFog":true,"showMaterialUpdate":false,"showSkybox":false,"showFlares":true,"showImageEffects":false,"showParticleSystems":true,"showVisualEffectGraphs":true,"m_FxEnabled":true},"in2DMode":false,"pivot":{"x":-0.018697500228881837,"y":2.2619681358337404,"z":3.4128212928771974},"rotation":{"x":0.187549889087677,"y":-0.2232389897108078,"z":0.043816111981868747,"w":0.9555531740188599},"size":4.031130790710449,"orthographic":false}